{"description":"should have a title|Protractor Demo App","passed":false,"pending":false,"os":"windows","sessionId":"43bb3f894b67cebc1afc7ef25ad0ca28","instanceId":200,"browser":{"name":"chrome","version":"80.0.3987.149"},"message":["Expected '0' to equal '55'."],"trace":["Error: Failed expectation\n    at UserContext.<anonymous> (C:\\Users\\Komal Purohit\\eclipse-workspace\\POC_Project\\ReadDataFromExcel.js:41:39)\n    at C:\\Users\\Komal Purohit\\AppData\\Roaming\\npm\\node_modules\\protractor\\node_modules\\jasminewd2\\index.js:112:25\n    at new ManagedPromise (C:\\Users\\Komal Purohit\\AppData\\Roaming\\npm\\node_modules\\protractor\\node_modules\\selenium-webdriver\\lib\\promise.js:1077:7)\n    at ControlFlow.promise (C:\\Users\\Komal Purohit\\AppData\\Roaming\\npm\\node_modules\\protractor\\node_modules\\selenium-webdriver\\lib\\promise.js:2505:12)\n    at schedulerExecute (C:\\Users\\Komal Purohit\\AppData\\Roaming\\npm\\node_modules\\protractor\\node_modules\\jasminewd2\\index.js:95:18)\n    at TaskQueue.execute_ (C:\\Users\\Komal Purohit\\AppData\\Roaming\\npm\\node_modules\\protractor\\node_modules\\selenium-webdriver\\lib\\promise.js:3084:14)\n    at TaskQueue.executeNext_ (C:\\Users\\Komal Purohit\\AppData\\Roaming\\npm\\node_modules\\protractor\\node_modules\\selenium-webdriver\\lib\\promise.js:3067:27)\n    at C:\\Users\\Komal Purohit\\AppData\\Roaming\\npm\\node_modules\\protractor\\node_modules\\selenium-webdriver\\lib\\promise.js:2974:25\n    at C:\\Users\\Komal Purohit\\AppData\\Roaming\\npm\\node_modules\\protractor\\node_modules\\selenium-webdriver\\lib\\promise.js:668:7"],"browserLogs":[{"level":"SEVERE","message":"http://juliemr.github.io/favicon.ico - Failed to load resource: the server responded with a status of 404 (Not Found)","timestamp":1585310011401,"type":""}],"screenShotFile":"0000001d-0055-0087-0090-009500cb0098.png","timestamp":1585310011016,"duration":1781}
