{"description":"should have a title|Protractor Demo App","passed":true,"pending":false,"os":"windows","sessionId":"3479e960600a193377a4468475b2e05f","instanceId":12896,"browser":{"name":"chrome","version":"80.0.3987.149"},"message":"Passed.","trace":"","browserLogs":[{"level":"SEVERE","message":"http://juliemr.github.io/favicon.ico - Failed to load resource: the server responded with a status of 404 (Not Found)","timestamp":1585309816953,"type":""}],"screenShotFile":"00aa0009-00b1-007d-0025-00ff0005000b.png","timestamp":1585309816002,"duration":4116}
